game_id,sport,league,match_date,match_time,home_team,away_team,home_prob,draw_prob,away_prob,home_xg,away_xg,expected_total_goals,dk_home_decimal,dk_draw_decimal,dk_away_decimal,home_extra_juice,draw_extra_juice,away_extra_juice,juiced_home_prob,juiced_draw_prob,juiced_away_prob,juiced_home_decimal,juiced_draw_decimal,juiced_away_decimal,engine_lambda_home,engine_lambda_away,engine_home_prob,engine_draw_prob,engine_away_prob,engine_home_fair_decimal,engine_draw_fair_decimal,engine_away_fair_decimal,home_ev_prob,home_ev_prob_source,home_kelly_prob,home_kelly_prob_source,home_fair_odds_prob,home_fair_odds_prob_source,home_fair_decimal,home_edge_prob,home_edge_prob_source,home_edge_fair_decimal,home_selection_prob,home_selection_prob_source,home_edge,home_ev,home_kelly,draw_ev_prob,draw_ev_prob_source,draw_kelly_prob,draw_kelly_prob_source,draw_fair_odds_prob,draw_fair_odds_prob_source,draw_fair_decimal,draw_edge_prob,draw_edge_prob_source,draw_edge_fair_decimal,draw_selection_prob,draw_selection_prob_source,draw_edge,draw_ev,draw_kelly,away_ev_prob,away_ev_prob_source,away_kelly_prob,away_kelly_prob_source,away_fair_odds_prob,away_fair_odds_prob_source,away_fair_decimal,away_edge_prob,away_edge_prob_source,away_edge_fair_decimal,away_selection_prob,away_selection_prob_source,away_edge,away_ev,away_kelly
33891298,soccer,mls,2026_04_18,05:00 PM,Toronto FC,Austin FC,0.478,0.268,0.254,1.43,0.96,2.39,1.873,3.473,3.994,0.0165722569277255,0.0092241346162567,0.0089153561040295,0.4779807111032907,0.2679240235228902,0.254095265373819,2.0921346338260536,3.732401398169376,3.9355318113811504,1.43,0.96,0.4666188795729524,0.292929853866841,0.2404512665602065,2.1430765958616926,3.413786566303946,4.158846881139677,0.4666188795729524,engine_home_prob,0.4666188795729524,engine_home_prob,0.4666188795729524,engine_home_prob,2.1430765958616926,0.4666188795729524,engine_home_prob,2.1430765958616926,0.4666188795729524,engine_home_prob,-0.12602283855986007,-0.12602283855986013,0.0,0.292929853866841,engine_draw_prob,0.292929853866841,engine_draw_prob,0.292929853866841,engine_draw_prob,3.4137865663039464,0.292929853866841,engine_draw_prob,3.4137865663039464,0.292929853866841,engine_draw_prob,0.017345382479538873,0.017345382479538762,0.007013903145790082,0.2404512665602065,engine_away_prob,0.2404512665602065,engine_away_prob,0.2404512665602065,engine_away_prob,4.158846881139677,0.2404512665602065,engine_away_prob,4.158846881139677,0.2404512665602065,engine_away_prob,-0.0396376413585352,-0.0396376413585352,0.0
33891299,soccer,mls,2026_04_18,06:30 PM,CF Montreal,New York Red Bulls,0.426,0.284,0.29,1.26,0.99,2.25,2.453,3.571,2.62,0.0149872158791127,0.0092241346162567,0.0101550093223063,0.4263356128063214,0.2834818938503977,0.2901824933432809,2.345569945277564,3.527562153679315,3.446107270217081,1.26,0.99,0.4119322391785253,0.3103182847079118,0.2777494761135634,2.427583725891905,3.222497832962868,3.600366826942745,0.4119322391785253,engine_home_prob,0.4119322391785253,engine_home_prob,0.4119322391785253,engine_home_prob,2.4275837258919055,0.4119322391785253,engine_home_prob,2.4275837258919055,0.4119322391785253,engine_home_prob,0.010469782704922492,0.010469782704922492,0.0072056315932019915,0.3103182847079118,engine_draw_prob,0.3103182847079118,engine_draw_prob,0.3103182847079118,engine_draw_prob,3.2224978329628677,0.3103182847079118,engine_draw_prob,3.2224978329628677,0.3103182847079118,engine_draw_prob,0.10814659469195309,0.10814659469195309,0.04206401971682345,0.2777494761135634,engine_away_prob,0.2777494761135634,engine_away_prob,0.2777494761135634,engine_away_prob,3.600366826942745,0.2777494761135634,engine_away_prob,3.600366826942745,0.2777494761135634,engine_away_prob,-0.27229637258246386,-0.2722963725824639,0.0
33891346,soccer,mls,2026_04_18,08:30 PM,Colorado Rapids,Inter Miami,0.377,0.282,0.341,1.2,1.13,2.33,3.464,4.229,1.827,0.0132511734416569,0.0092241346162567,0.0125467491914497,0.3770462384915488,0.2813699790999655,0.3415837824084856,2.6521946061594623,3.5540394295040225,2.927539454446764,1.2,1.13,0.363350184232629,0.3076825699662001,0.328967245801171,2.752165936318244,3.250102857987221,3.039816312303637,0.363350184232629,engine_home_prob,0.363350184232629,engine_home_prob,0.363350184232629,engine_home_prob,2.7521659363182445,0.363350184232629,engine_home_prob,2.7521659363182445,0.363350184232629,engine_home_prob,0.2586450381818268,0.2586450381818268,0.10496957718418297,0.3076825699662001,engine_draw_prob,0.3076825699662001,engine_draw_prob,0.3076825699662001,engine_draw_prob,3.250102857987221,0.3076825699662001,engine_draw_prob,3.250102857987221,0.3076825699662001,engine_draw_prob,0.30118958838706034,0.3011895883870601,0.09327642873554044,0.328967245801171,engine_away_prob,0.328967245801171,engine_away_prob,0.328967245801171,engine_away_prob,3.039816312303638,0.328967245801171,engine_away_prob,3.039816312303638,0.328967245801171,engine_away_prob,-0.3989768419212607,-0.39897684192126065,0.0
33891311,soccer,mls,2026_04_18,11:30 PM,Philadelphia Union,DC United,0.61,0.221,0.168,1.86,0.86,2.72,1.805,3.532,4.21,0.0208273216851416,0.0079706892141373,0.0058965177613066,0.6102647389481096,0.2215071114972691,0.1682281495546212,1.6386330983560715,4.514527742430197,5.944308385056062,1.86,0.86,0.5990521834365262,0.2427497595469597,0.1581980570165137,1.6693036560911845,4.119468550108082,6.321190151504918,0.5990521834365262,engine_home_prob,0.5990521834365262,engine_home_prob,0.5990521834365262,engine_home_prob,1.6693036560911843,0.5990521834365262,engine_home_prob,1.6693036560911843,0.5990521834365262,engine_home_prob,0.08128919110292987,0.08128919110292981,0.10098036161854643,0.2427497595469597,engine_draw_prob,0.2427497595469597,engine_draw_prob,0.2427497595469597,engine_draw_prob,4.119468550108084,0.2427497595469597,engine_draw_prob,4.119468550108084,0.2427497595469597,engine_draw_prob,-0.14260784928013837,-0.14260784928013837,0.0,0.1581980570165137,engine_away_prob,0.1581980570165137,engine_away_prob,0.1581980570165137,engine_away_prob,6.3211901515049185,0.1581980570165137,engine_away_prob,6.3211901515049185,0.1581980570165137,engine_away_prob,-0.3339861799604773,-0.3339861799604773,0.0
33891322,soccer,mls,2026_04_18,11:30 PM,New England Revolution,Columbus Crew,0.428,0.269,0.303,1.37,1.1,2.47,2.904,3.424,2.306,0.0150318604021872,0.0092241346162567,0.0106961753720628,0.4280698887128504,0.2688280121305292,0.3031020991566204,2.336067138491959,3.719850442945844,3.299218325384395,1.37,1.1,0.4172666930172843,0.2944185984288395,0.2883147085538765,2.3965488181405776,3.396524558354958,3.468432134509478,0.4172666930172843,engine_home_prob,0.4172666930172843,engine_home_prob,0.4172666930172843,engine_home_prob,2.3965488181405776,0.4172666930172843,engine_home_prob,2.3965488181405776,0.4172666930172843,engine_home_prob,0.21174247652219358,0.2117424765221937,0.11120928388770672,0.2944185984288395,engine_draw_prob,0.2944185984288395,engine_draw_prob,0.2944185984288395,engine_draw_prob,3.3965245583549586,0.2944185984288395,engine_draw_prob,3.3965245583549586,0.2944185984288395,engine_draw_prob,0.00808928102034634,0.00808928102034634,0.003337162137106576,0.2883147085538765,engine_away_prob,0.2883147085538765,engine_away_prob,0.2883147085538765,engine_away_prob,3.4684321345094786,0.2883147085538765,engine_away_prob,3.4684321345094786,0.2883147085538765,engine_away_prob,-0.3351462820747608,-0.3351462820747609,0.0
33891323,soccer,mls,2026_04_18,11:30 PM,FC Cincinnati,Chicago Fire,0.442,0.276,0.282,1.33,1.01,2.34,2.463,3.728,2.531,0.015432421506273,0.0092241346162567,0.0098450729156419,0.442176608200773,0.2757116340951961,0.2821117577040309,2.261539804353341,3.626977886811718,3.544694514466568,1.33,1.01,0.4270414611370007,0.3021194249667288,0.2708391138962694,2.341692999404539,3.3099493688965085,3.692228886788476,0.4270414611370007,engine_home_prob,0.4270414611370007,engine_home_prob,0.4270414611370007,engine_home_prob,2.341692999404539,0.4270414611370007,engine_home_prob,2.341692999404539,0.4270414611370007,engine_home_prob,0.051803118780432866,0.051803118780432755,0.0354088303352241,0.3021194249667288,engine_draw_prob,0.3021194249667288,engine_draw_prob,0.3021194249667288,engine_draw_prob,3.3099493688965085,0.3021194249667288,engine_draw_prob,3.3099493688965085,0.3021194249667288,engine_draw_prob,0.1263012162759649,0.1263012162759649,0.04629809980790502,0.2708391138962694,engine_away_prob,0.2708391138962694,engine_away_prob,0.2708391138962694,engine_away_prob,3.6922288867884756,0.2708391138962694,engine_away_prob,3.6922288867884756,0.2708391138962694,engine_away_prob,-0.314506202728542,-0.31450620272854213,0.0
33891347,soccer,mls,2026_04_18,11:30 PM,New York City FC,Charlotte FC,0.611,0.225,0.164,1.82,0.82,2.64,1.848,3.611,3.915,0.0208273216851416,0.0081507123456476,0.0057728860565384,0.6106081274436737,0.2253206137047657,0.1640712588515605,1.6377115781057898,4.438120345750013,6.094912704392214,1.82,0.82,0.6001005302814965,0.2461375091488126,0.1537619605696907,1.6663874626654935,4.062769642295391,6.503559113677941,0.6001005302814965,engine_home_prob,0.6001005302814965,engine_home_prob,0.6001005302814965,engine_home_prob,1.6663874626654935,0.6001005302814965,engine_home_prob,1.6663874626654935,0.6001005302814965,engine_home_prob,0.10898577996020542,0.10898577996020553,0.12852096693420448,0.2461375091488126,engine_draw_prob,0.2461375091488126,engine_draw_prob,0.2461375091488126,engine_draw_prob,4.062769642295391,0.2461375091488126,engine_draw_prob,4.062769642295391,0.2461375091488126,engine_draw_prob,-0.1111974544636376,-0.1111974544636376,0.0,0.1537619605696907,engine_away_prob,0.1537619605696907,engine_away_prob,0.1537619605696907,engine_away_prob,6.503559113677941,0.1537619605696907,engine_away_prob,6.503559113677941,0.1537619605696907,engine_away_prob,-0.398021924369661,-0.39802192436966094,0.0
33891337,soccer,mls,2026_04_18,11:30 PM,Orlando City,Houston Dynamo,0.454,0.274,0.271,1.36,0.98,2.34,2.355,4.19,2.453,0.015814401933677,0.0092241346162567,0.0094251896223167,0.4546017339900052,0.2740532903513353,0.2713449756586594,2.199727641210418,3.648925355787568,3.685345555312431,1.36,0.98,0.4425394118463008,0.3000601077436163,0.2574004804100829,2.259685743757692,3.3326656033011925,3.884996634065442,0.4425394118463008,engine_home_prob,0.4425394118463008,engine_home_prob,0.4425394118463008,engine_home_prob,2.2596857437576925,0.4425394118463008,engine_home_prob,2.2596857437576925,0.4425394118463008,engine_home_prob,0.04218031489803842,0.04218031489803842,0.031129383688589238,0.3000601077436163,engine_draw_prob,0.3000601077436163,engine_draw_prob,0.3000601077436163,engine_draw_prob,3.332665603301193,0.3000601077436163,engine_draw_prob,3.332665603301193,0.3000601077436163,engine_draw_prob,0.25725185144575247,0.25725185144575236,0.08064321361935813,0.2574004804100829,engine_away_prob,0.2574004804100829,engine_away_prob,0.2574004804100829,engine_away_prob,3.884996634065443,0.2574004804100829,engine_away_prob,3.884996634065443,0.2574004804100829,engine_away_prob,-0.3685966215540667,-0.3685966215540667,0.0
33891304,soccer,mls,2026_04_18,11:30 PM,Atlanta United,Nashville SC,0.352,0.29,0.357,1.1,1.11,2.21,3.14,3.464,2.158,0.0127542502771759,0.0092470366947291,0.0128712494150217,0.352803887751852,0.2894428724652145,0.3577532397829333,2.834435885534684,3.454913197491781,2.7952227647379235,1.1,1.11,0.3388316778216643,0.3173122317363169,0.3438560904420193,2.9513179122712523,3.1514700663382853,2.908193362852821,0.3388316778216643,engine_home_prob,0.3388316778216643,engine_home_prob,0.3388316778216643,engine_home_prob,2.9513179122712527,0.3388316778216643,engine_home_prob,2.9513179122712527,0.3388316778216643,engine_home_prob,0.06393146836002583,0.06393146836002583,0.029874517925245717,0.3173122317363169,engine_draw_prob,0.3173122317363169,engine_draw_prob,0.3173122317363169,engine_draw_prob,3.1514700663382853,0.3173122317363169,engine_draw_prob,3.1514700663382853,0.3173122317363169,engine_draw_prob,0.09916957073460186,0.09916957073460164,0.040247390720211704,0.3438560904420193,engine_away_prob,0.3438560904420193,engine_away_prob,0.3438560904420193,engine_away_prob,2.9081933628528214,0.3438560904420193,engine_away_prob,2.9081933628528214,0.3438560904420193,engine_away_prob,-0.25795855682612234,-0.2579585568261223,0.0
